﻿{
  "ConnectionStrings": {
    //"BlogDataContext": "Data Source=tcp:s10.winhost.com;Initial Catalog=DB_60306_dotnetds;User ID=DB_60306_dotnetds_user;Password=turbo;Integrated Security=False;",
    //"IdentityDataContext": "Data Source=tcp:s10.winhost.com;Initial Catalog=DB_60306_dotnetds;User ID=DB_60306_dotnetds_user;Password=turbo;Integrated Security=False;",

    //"BlogDataContext": "Data Source=(localdb)\\MSSQLLocalDB;Initial Catalog=DB_60306_dotnetds_Blog;Integrated Security=True;Connect Timeout=30;Encrypt=False;TrustServerCertificate=True;ApplicationIntent=ReadWrite;MultiSubnetFailover=False;",
    "IdentityDataContext": "Data Source=(localdb)\\MSSQLLocalDB;Initial Catalog=DB_60306_dotnetds;Integrated Security=True;Connect Timeout=30;Encrypt=False;TrustServerCertificate=True;ApplicationIntent=ReadWrite;MultiSubnetFailover=False;"





  },
  "FeatureToggles": {
    "EnableDeveloperExceptions": true
  }
}
